id_cliente,frecuencia_compra,id_suscripcion,id_metodo_pago_frecuente
1,Diaria,1,1
2,Semanal,2,5
3,Mensual,1,3
4,Semanal,3,4
5,Mensual,1,4
6,Quincenal,2,2
7,Semanal,1,3
8,Mensual,1,3
9,Semanal,2,3
10,Diaria,2,3
11,Diaria,1,4
12,Quincenal,1,2
13,Quincenal,1,2
14,Semanal,1,4
15,Semanal,1,4
16,Quincenal,1,1
17,Diaria,2,2
18,Mensual,1,3
19,Semanal,1,2
20,Quincenal,3,4
21,Diaria,1,3
22,Mensual,1,1
23,Diaria,1,1
24,Semanal,1,1
25,Mensual,2,1
26,Quincenal,1,1
27,Mensual,1,4
28,Diaria,1,4
29,Mensual,1,1
30,Quincenal,1,2
31,Semanal,1,4
32,Mensual,1,2
33,Semanal,1,3
34,Semanal,1,1
35,Quincenal,1,3
36,Mensual,2,3
37,Mensual,3,4
38,Quincenal,1,3
39,Mensual,1,2
40,Quincenal,1,4
41,Semanal,1,4
42,Semanal,1,3
43,Semanal,1,2
44,Diaria,2,4
45,Diaria,1,3
46,Quincenal,2,5
47,Diaria,1,1
48,Semanal,1,1
49,Quincenal,1,4
50,Diaria,2,4
51,Diaria,3,2
52,Mensual,2,5
53,Quincenal,1,1
54,Semanal,1,1
55,Diaria,3,1
56,Semanal,1,3
57,Quincenal,1,1
58,Mensual,1,4
59,Mensual,2,1
60,Quincenal,2,3
61,Mensual,1,1
62,Mensual,1,1
63,Mensual,1,3
64,Diaria,2,2
65,Mensual,1,4
66,Semanal,2,5
67,Semanal,1,2
68,Semanal,2,3
69,Quincenal,1,4
70,Semanal,1,5
71,Diaria,1,4
72,Quincenal,3,3
73,Diaria,3,1
74,Diaria,3,1
75,Quincenal,1,1
76,Quincenal,3,3
77,Mensual,1,2
78,Mensual,2,5
79,Diaria,3,1
80,Semanal,1,3
81,Diaria,2,5
82,Diaria,1,3
83,Quincenal,1,2
84,Diaria,1,1
85,Diaria,2,1
86,Quincenal,2,2
87,Quincenal,1,3
88,Diaria,1,3
89,Quincenal,2,4
90,Quincenal,1,3
91,Diaria,1,3
92,Diaria,1,3
93,Mensual,1,4
94,Mensual,2,2
95,Mensual,2,3
96,Diaria,2,1
97,Semanal,1,1
98,Semanal,1,2
99,Mensual,2,3
100,Semanal,1,3
101,Quincenal,1,2
102,Diaria,2,4
103,Quincenal,2,4
104,Quincenal,2,4
105,Quincenal,1,4
106,Semanal,2,4
107,Diaria,1,2
108,Quincenal,2,4
109,Mensual,2,4
110,Quincenal,1,4
111,Mensual,1,5
112,Quincenal,1,1
113,Quincenal,1,4
114,Mensual,1,4
115,Quincenal,1,1
116,Diaria,2,2
117,Quincenal,1,4
118,Quincenal,1,4
119,Mensual,1,4
120,Quincenal,2,1
121,Semanal,1,1
122,Diaria,2,3
123,Semanal,1,4
124,Quincenal,1,3
125,Mensual,2,1
126,Diaria,2,3
127,Mensual,1,1
128,Quincenal,2,4
129,Mensual,2,4
130,Diaria,1,4
131,Mensual,1,3
132,Semanal,2,2
133,Mensual,2,4
134,Semanal,1,2
135,Diaria,2,3
136,Mensual,1,2
137,Mensual,2,1
138,Mensual,1,2
139,Mensual,1,2
140,Mensual,1,1
141,Quincenal,2,2
142,Mensual,2,4
143,Quincenal,2,4
144,Diaria,1,4
145,Semanal,2,3
146,Diaria,2,2
147,Quincenal,1,4
148,Diaria,3,4
149,Quincenal,2,3
150,Mensual,1,1
151,Mensual,2,1
152,Semanal,1,3
153,Semanal,1,4
154,Mensual,1,4
155,Quincenal,1,2
156,Quincenal,2,4
157,Semanal,1,3
158,Mensual,1,2
159,Semanal,2,3
160,Semanal,1,4
161,Semanal,1,5
162,Quincenal,1,4
163,Mensual,1,4
164,Quincenal,1,1
165,Diaria,1,1
166,Mensual,3,3
167,Semanal,1,1
168,Mensual,3,3
169,Diaria,1,1
170,Diaria,1,3
171,Quincenal,3,3
172,Diaria,1,4
173,Mensual,2,4
174,Semanal,3,3
175,Diaria,1,1
176,Semanal,1,3
177,Diaria,3,2
178,Mensual,1,2
179,Quincenal,1,4
180,Quincenal,1,3
181,Semanal,1,4
182,Diaria,1,3
183,Diaria,2,1
184,Diaria,2,5
185,Mensual,2,2
186,Semanal,3,4
187,Quincenal,1,2
188,Diaria,1,4
189,Semanal,1,3
190,Mensual,1,4
191,Diaria,1,3
192,Mensual,2,3
193,Quincenal,1,1
194,Diaria,1,3
195,Quincenal,1,2
196,Diaria,1,2
197,Quincenal,2,3
198,Mensual,1,2
199,Diaria,1,4
200,Diaria,1,4
201,Diaria,1,5
202,Mensual,2,3
203,Diaria,2,1
204,Mensual,1,3
205,Mensual,1,3
206,Quincenal,1,5
207,Diaria,2,1
208,Quincenal,1,2
209,Diaria,1,1
210,Diaria,3,4
211,Quincenal,2,4
212,Diaria,1,3
213,Diaria,1,1
214,Semanal,1,1
215,Semanal,1,4
216,Semanal,2,2
217,Mensual,2,4
218,Diaria,1,3
219,Diaria,3,2
220,Diaria,1,3
221,Quincenal,1,2
222,Diaria,1,2
223,Semanal,2,5
224,Diaria,2,4
225,Semanal,1,5
226,Diaria,2,4
227,Mensual,1,3
228,Semanal,1,3
229,Diaria,1,2
230,Mensual,1,1
231,Quincenal,3,1
232,Quincenal,1,1
233,Diaria,1,4
234,Semanal,1,4
235,Mensual,3,1
236,Quincenal,1,1
237,Diaria,1,2
238,Quincenal,1,4
239,Quincenal,1,2
240,Semanal,1,1
241,Mensual,2,4
242,Diaria,1,2
243,Quincenal,1,5
244,Diaria,1,2
245,Quincenal,1,4
246,Diaria,2,1
247,Semanal,3,1
248,Semanal,3,1
249,Semanal,1,3
250,Diaria,2,4
251,Diaria,2,5
252,Mensual,1,5
253,Mensual,1,4
254,Mensual,1,5
255,Semanal,1,4
256,Diaria,1,3
257,Mensual,2,4
258,Mensual,1,4
259,Mensual,2,1
260,Quincenal,1,3
261,Diaria,2,5
262,Quincenal,2,2
263,Mensual,1,2
264,Diaria,1,4
265,Mensual,3,5
266,Quincenal,3,5
267,Quincenal,2,2
268,Diaria,1,5
269,Quincenal,1,3
270,Diaria,1,4
271,Semanal,2,2
272,Semanal,1,1
273,Mensual,1,4
274,Mensual,1,2
275,Mensual,3,1
276,Semanal,1,3
277,Mensual,1,1
278,Quincenal,1,1
279,Diaria,2,3
280,Mensual,2,3
281,Semanal,2,4
282,Semanal,3,4
283,Semanal,3,3
284,Mensual,2,2
285,Semanal,2,1
286,Diaria,1,3
287,Quincenal,1,4
288,Semanal,3,4
289,Diaria,2,5
290,Quincenal,1,3
291,Semanal,1,2
292,Mensual,1,2
293,Semanal,1,5
294,Semanal,1,4
295,Diaria,1,4
296,Quincenal,1,1
297,Semanal,1,3
298,Quincenal,1,4
299,Diaria,1,3
300,Semanal,1,1
301,Diaria,1,3
302,Mensual,1,4
303,Semanal,1,1
304,Quincenal,2,1
305,Semanal,2,4
306,Diaria,2,3
307,Quincenal,1,1
308,Quincenal,1,3
309,Quincenal,3,4
310,Mensual,2,2
311,Quincenal,1,2
312,Semanal,1,1
313,Mensual,3,4
314,Diaria,2,1
315,Semanal,1,5
316,Mensual,1,4
317,Mensual,2,2
318,Quincenal,3,1
319,Quincenal,3,4
320,Diaria,1,3
321,Semanal,3,2
322,Quincenal,1,3
323,Quincenal,1,4
324,Quincenal,2,1
325,Quincenal,1,1
326,Diaria,1,2
327,Quincenal,1,4
328,Mensual,1,5
329,Quincenal,1,3
330,Quincenal,1,2
331,Quincenal,3,5
332,Mensual,3,4
333,Diaria,2,4
334,Diaria,1,2
335,Semanal,1,1
336,Quincenal,1,3
337,Quincenal,2,3
338,Quincenal,2,5
339,Mensual,2,3
340,Diaria,1,5
341,Quincenal,1,4
342,Quincenal,2,4
343,Mensual,2,3
344,Quincenal,1,4
345,Mensual,1,5
346,Mensual,2,4
347,Diaria,3,5
348,Semanal,1,1
349,Semanal,2,1
350,Quincenal,1,3
351,Mensual,2,5
352,Semanal,1,1
353,Semanal,3,1
354,Diaria,1,4
355,Semanal,1,1
356,Mensual,2,5
357,Semanal,2,1
358,Mensual,2,1
359,Semanal,1,1
360,Diaria,1,3
361,Quincenal,1,5
362,Mensual,2,1
363,Semanal,2,1
364,Semanal,1,2
365,Semanal,2,4
366,Diaria,2,1
367,Mensual,1,3
368,Diaria,1,4
369,Mensual,2,4
370,Mensual,2,3
371,Diaria,2,4
372,Quincenal,1,1
373,Semanal,2,4
374,Diaria,1,4
375,Quincenal,2,5
376,Mensual,2,2
377,Mensual,3,2
378,Semanal,2,1
379,Diaria,1,4
380,Semanal,1,1
381,Quincenal,3,4
382,Semanal,1,4
383,Diaria,1,2
384,Mensual,2,4
385,Semanal,1,1
386,Mensual,1,4
387,Semanal,2,1
388,Semanal,3,1
389,Quincenal,1,2
390,Semanal,3,5
391,Diaria,1,2
392,Diaria,1,4
393,Semanal,1,2
394,Mensual,1,1
395,Mensual,2,1
396,Quincenal,2,5
397,Mensual,1,1
398,Mensual,3,1
399,Semanal,2,5
400,Mensual,1,4
401,Mensual,3,4
402,Semanal,1,1
403,Semanal,2,2
404,Semanal,1,2
405,Mensual,1,3
406,Semanal,2,4
407,Mensual,2,3
408,Diaria,1,2
409,Quincenal,1,4
410,Diaria,3,1
411,Mensual,1,4
412,Diaria,1,3
413,Semanal,1,4
414,Semanal,2,5
415,Mensual,2,2
416,Mensual,1,1
417,Diaria,2,5
418,Semanal,3,2
419,Semanal,1,4
420,Quincenal,1,1
421,Diaria,1,4
422,Semanal,3,4
423,Quincenal,2,4
424,Semanal,2,2
425,Quincenal,1,4
426,Quincenal,2,2
427,Mensual,3,2
428,Quincenal,1,1
429,Diaria,1,4
430,Semanal,1,4
431,Mensual,1,2
432,Mensual,2,3
433,Mensual,2,2
434,Semanal,1,3
435,Quincenal,1,1
436,Diaria,1,3
437,Diaria,1,4
438,Mensual,2,1
439,Quincenal,1,1
440,Quincenal,1,2
441,Semanal,1,2
442,Mensual,1,1
443,Semanal,1,3
444,Diaria,1,4
445,Diaria,3,3
446,Quincenal,1,2
447,Mensual,1,4
448,Quincenal,1,3
449,Semanal,1,3
450,Semanal,1,4
451,Quincenal,1,3
452,Mensual,2,2
453,Diaria,1,2
454,Diaria,1,3
455,Semanal,1,1
456,Semanal,3,2
457,Quincenal,1,5
458,Quincenal,1,1
459,Quincenal,1,3
460,Mensual,1,1
461,Semanal,1,3
462,Diaria,2,5
463,Quincenal,3,5
464,Quincenal,1,1
465,Semanal,1,4
466,Quincenal,2,1
467,Diaria,2,2
468,Quincenal,1,1
469,Quincenal,2,4
470,Quincenal,1,5
471,Diaria,3,4
472,Quincenal,1,3
473,Quincenal,2,4
474,Diaria,2,4
475,Semanal,2,5
476,Semanal,3,3
477,Diaria,2,2
478,Diaria,1,5
479,Quincenal,1,2
480,Semanal,2,1
481,Diaria,2,2
482,Mensual,2,3
483,Semanal,2,5
484,Mensual,1,4
485,Diaria,3,4
486,Mensual,1,2
487,Mensual,1,3
488,Quincenal,1,1
489,Diaria,1,2
490,Mensual,1,2
491,Diaria,1,3
492,Diaria,1,3
493,Semanal,1,1
494,Semanal,1,4
495,Quincenal,3,4
496,Diaria,3,2
497,Semanal,2,2
498,Mensual,1,4
499,Diaria,1,3
500,Semanal,2,4
501,Quincenal,1,1
502,Mensual,1,2
503,Diaria,1,4
504,Mensual,3,2
505,Quincenal,2,3
506,Diaria,2,4
507,Semanal,2,3
508,Mensual,1,3
509,Quincenal,1,2
510,Semanal,1,3
511,Diaria,1,3
512,Mensual,2,5
513,Mensual,1,2
514,Diaria,2,2
515,Mensual,1,3
516,Quincenal,1,4
517,Quincenal,1,3
518,Quincenal,1,4
519,Semanal,1,3
520,Mensual,1,3
521,Semanal,1,4
522,Mensual,2,4
523,Mensual,1,4
524,Semanal,2,4
525,Semanal,1,2
526,Semanal,2,1
527,Semanal,1,4
528,Quincenal,2,3
529,Quincenal,1,2
530,Quincenal,1,1
531,Mensual,1,4
532,Mensual,1,2
533,Diaria,1,4
534,Diaria,1,2
535,Diaria,1,4
536,Semanal,1,4
537,Mensual,3,3
538,Semanal,2,3
539,Quincenal,1,4
540,Semanal,1,1
541,Diaria,2,4
542,Diaria,2,2
543,Semanal,1,1
544,Quincenal,1,4
545,Mensual,1,3
546,Mensual,2,4
547,Mensual,1,3
548,Mensual,1,1
549,Quincenal,1,4
550,Quincenal,1,2
551,Mensual,1,4
552,Mensual,1,3
553,Mensual,2,3
554,Diaria,1,4
555,Quincenal,2,5
556,Semanal,3,1
557,Diaria,3,5
558,Diaria,3,3
559,Mensual,1,1
560,Semanal,1,3
561,Semanal,1,4
562,Diaria,2,5
563,Quincenal,2,3
564,Semanal,1,4
565,Quincenal,1,4
566,Diaria,1,4
567,Quincenal,1,2
568,Diaria,1,4
569,Mensual,1,1
570,Quincenal,2,3
571,Semanal,1,3
572,Quincenal,2,1
573,Mensual,1,5
574,Mensual,1,2
575,Mensual,1,1
576,Semanal,3,5
577,Quincenal,2,1
578,Semanal,1,4
579,Diaria,1,5
580,Semanal,1,4
581,Semanal,1,1
582,Quincenal,2,1
583,Diaria,2,4
584,Mensual,1,1
585,Quincenal,2,1
586,Semanal,1,1
587,Diaria,2,5
588,Semanal,2,4
589,Semanal,1,5
590,Quincenal,1,1
591,Diaria,1,3
592,Quincenal,2,3
593,Semanal,1,2
594,Diaria,2,5
595,Diaria,1,3
596,Semanal,1,3
597,Mensual,2,1
598,Diaria,1,5
599,Quincenal,2,3
600,Mensual,2,3
601,Diaria,3,5
602,Quincenal,2,4
603,Quincenal,1,5
604,Semanal,1,1
605,Semanal,1,3
606,Mensual,1,5
607,Semanal,2,3
608,Mensual,1,4
609,Semanal,1,1
610,Semanal,2,3
611,Semanal,2,2
612,Diaria,1,1
613,Diaria,1,2
614,Semanal,3,3
615,Quincenal,1,5
616,Semanal,1,1
617,Quincenal,1,1
618,Semanal,1,2
619,Semanal,1,1
620,Diaria,1,2
621,Quincenal,1,2
622,Mensual,2,4
623,Mensual,3,2
624,Semanal,1,3
625,Quincenal,2,3
626,Quincenal,1,1
627,Mensual,1,3
628,Semanal,1,3
629,Diaria,1,1
630,Diaria,1,5
631,Diaria,1,1
632,Diaria,1,1
633,Mensual,2,1
634,Semanal,1,4
635,Mensual,1,1
636,Diaria,1,1
637,Diaria,1,1
638,Mensual,1,5
639,Mensual,1,2
640,Mensual,2,1
641,Semanal,2,1
642,Diaria,1,5
643,Semanal,2,4
644,Semanal,2,3
645,Mensual,2,1
646,Mensual,1,5
647,Mensual,3,1
648,Diaria,1,4
649,Mensual,2,4
650,Quincenal,3,4
651,Quincenal,2,5
652,Mensual,1,4
653,Quincenal,1,3
654,Quincenal,2,2
655,Semanal,2,2
656,Mensual,1,3
657,Quincenal,1,2
658,Quincenal,3,1
659,Semanal,1,2
660,Quincenal,1,5
661,Mensual,2,4
662,Mensual,1,2
663,Quincenal,2,2
664,Quincenal,1,1
665,Semanal,1,3
666,Diaria,1,3
667,Quincenal,2,2
668,Quincenal,1,3
669,Diaria,2,5
670,Diaria,2,4
671,Mensual,1,2
672,Semanal,3,2
673,Semanal,1,3
674,Mensual,1,4
675,Quincenal,2,3
676,Quincenal,1,4
677,Diaria,2,2
678,Diaria,2,1
679,Mensual,1,2
680,Semanal,1,3
681,Diaria,2,1
682,Quincenal,1,2
683,Mensual,3,1
684,Diaria,1,1
685,Quincenal,2,1
686,Diaria,1,2
687,Semanal,2,2
688,Quincenal,2,2
689,Mensual,1,3
690,Semanal,2,2
691,Mensual,1,1
692,Semanal,3,2
693,Mensual,2,3
694,Mensual,1,1
695,Quincenal,1,2
696,Mensual,2,4
697,Mensual,1,2
698,Semanal,1,2
699,Diaria,1,5
700,Quincenal,1,2
701,Mensual,1,4
702,Semanal,2,3
703,Quincenal,1,2
704,Diaria,2,4
705,Semanal,1,3
706,Semanal,1,4
707,Semanal,1,3
708,Semanal,1,1
709,Diaria,1,3
710,Mensual,1,4
711,Quincenal,1,3
712,Quincenal,1,1
713,Semanal,2,4
714,Mensual,2,4
715,Diaria,2,2
716,Quincenal,1,1
717,Diaria,1,2
718,Quincenal,2,5
719,Quincenal,1,5
720,Diaria,1,5
721,Semanal,1,5
722,Diaria,3,2
723,Semanal,3,1
724,Mensual,1,4
725,Semanal,3,2
726,Diaria,2,5
727,Diaria,2,1
728,Semanal,1,3
729,Diaria,2,5
730,Diaria,2,4
731,Quincenal,3,1
732,Mensual,3,5
733,Semanal,3,1
734,Semanal,2,3
735,Quincenal,2,1
736,Semanal,1,2
737,Diaria,1,2
738,Mensual,1,1
739,Quincenal,3,3
740,Diaria,1,5
741,Quincenal,1,1
742,Diaria,1,4
743,Diaria,1,4
744,Mensual,1,1
745,Mensual,1,3
746,Diaria,1,1
747,Quincenal,2,3
748,Mensual,3,1
749,Diaria,1,1
750,Diaria,1,5
751,Semanal,2,4
752,Diaria,3,1
753,Quincenal,3,5
754,Diaria,2,2
755,Mensual,2,1
756,Quincenal,1,2
757,Mensual,1,1
758,Semanal,1,1
759,Mensual,3,4
760,Semanal,1,4
761,Semanal,1,2
762,Semanal,1,4
763,Semanal,1,4
764,Diaria,1,3
765,Semanal,1,1
766,Semanal,1,4
767,Mensual,2,2
768,Semanal,1,5
769,Semanal,2,5
770,Semanal,1,1
771,Semanal,2,2
772,Diaria,1,1
773,Quincenal,1,2
774,Diaria,2,5
775,Diaria,1,5
776,Semanal,1,1
777,Semanal,1,5
778,Diaria,1,5
779,Quincenal,1,4
780,Quincenal,2,4
781,Semanal,2,4
782,Quincenal,2,2
783,Quincenal,1,2
784,Diaria,1,1
785,Semanal,1,4
786,Mensual,3,2
787,Semanal,1,4
788,Quincenal,1,2
789,Mensual,2,1
790,Quincenal,2,2
791,Diaria,1,3
792,Quincenal,1,1
793,Semanal,1,5
794,Semanal,2,1
795,Quincenal,1,1
796,Quincenal,2,4
797,Mensual,1,1
798,Mensual,2,4
799,Semanal,2,3
800,Quincenal,1,1
801,Diaria,1,4
802,Semanal,1,2
803,Diaria,2,1
804,Mensual,1,2
805,Semanal,2,4
806,Mensual,1,5
807,Semanal,2,3
808,Semanal,1,5
809,Mensual,1,3
810,Semanal,1,4
811,Diaria,1,4
812,Semanal,1,4
813,Mensual,1,2
814,Diaria,2,1
815,Semanal,1,1
816,Diaria,1,2
817,Quincenal,1,4
818,Semanal,1,4
819,Quincenal,1,4
820,Mensual,1,3
821,Diaria,2,3
822,Semanal,1,2
823,Diaria,1,5
824,Semanal,1,1
825,Quincenal,2,3
826,Quincenal,1,3
827,Diaria,1,1
828,Diaria,1,5
829,Diaria,1,2
830,Diaria,2,4
831,Quincenal,1,2
832,Semanal,3,5
833,Quincenal,2,4
834,Quincenal,2,1
835,Mensual,2,2
836,Mensual,1,1
837,Quincenal,2,4
838,Semanal,1,4
839,Mensual,1,4
840,Mensual,2,3
841,Quincenal,3,1
842,Semanal,1,5
843,Mensual,3,1
844,Mensual,2,4
845,Semanal,1,2
846,Diaria,3,5
847,Diaria,2,3
848,Mensual,2,5
849,Diaria,1,2
850,Diaria,1,1
851,Mensual,1,5
852,Diaria,1,4
853,Diaria,2,4
854,Mensual,1,4
855,Semanal,1,3
856,Diaria,2,5
857,Quincenal,2,1
858,Semanal,1,1
859,Quincenal,1,1
860,Quincenal,1,3
861,Mensual,2,1
862,Diaria,2,4
863,Mensual,2,1
864,Diaria,1,4
865,Diaria,1,4
866,Quincenal,1,4
867,Semanal,2,1
868,Diaria,1,2
869,Mensual,2,3
870,Semanal,1,1
871,Diaria,1,1
872,Quincenal,3,5
873,Diaria,1,1
874,Diaria,1,1
875,Mensual,2,3
876,Quincenal,1,4
877,Semanal,1,3
878,Quincenal,1,1
879,Diaria,2,3
880,Quincenal,1,3
881,Diaria,2,4
882,Quincenal,3,2
883,Diaria,2,1
884,Semanal,1,4
885,Diaria,1,3
886,Quincenal,1,4
887,Semanal,1,4
888,Diaria,1,4
889,Quincenal,1,4
890,Mensual,2,1
891,Semanal,1,4
892,Semanal,2,3
893,Quincenal,3,1
894,Mensual,1,1
895,Semanal,1,1
896,Semanal,1,4
897,Diaria,3,1
898,Diaria,1,3
899,Quincenal,3,4
900,Diaria,1,3
901,Diaria,2,4
902,Semanal,1,3
903,Quincenal,2,3
904,Diaria,1,1
905,Diaria,1,2
906,Quincenal,2,4
907,Semanal,2,5
908,Quincenal,2,2
909,Mensual,3,5
910,Semanal,1,2
911,Semanal,1,3
912,Diaria,2,4
913,Diaria,2,1
914,Diaria,3,4
915,Diaria,1,2
916,Semanal,2,3
917,Semanal,1,4
918,Quincenal,1,4
919,Diaria,2,5
920,Semanal,2,1
921,Diaria,1,4
922,Diaria,1,4
923,Diaria,3,1
924,Quincenal,1,1
925,Mensual,1,1
926,Quincenal,3,1
927,Semanal,2,1
928,Quincenal,1,3
929,Semanal,1,5
930,Semanal,1,5
931,Quincenal,1,4
932,Diaria,1,1
933,Quincenal,2,2
934,Semanal,2,2
935,Semanal,2,3
936,Quincenal,1,1
937,Mensual,2,2
938,Diaria,1,5
939,Diaria,1,1
940,Diaria,1,5
941,Semanal,1,1
942,Quincenal,1,4
943,Quincenal,1,1
944,Diaria,1,1
945,Diaria,3,5
946,Semanal,1,1
947,Quincenal,3,1
948,Semanal,1,4
949,Semanal,2,4
950,Diaria,2,3
951,Diaria,1,4
952,Quincenal,1,3
953,Quincenal,1,4
954,Semanal,1,4
955,Quincenal,2,4
956,Quincenal,1,1
957,Quincenal,1,1
958,Quincenal,3,4
959,Diaria,1,1
960,Semanal,1,2
961,Quincenal,2,5
962,Quincenal,1,5
963,Mensual,2,5
964,Mensual,1,1
965,Semanal,1,1
966,Mensual,3,5
967,Diaria,1,2
968,Diaria,2,4
969,Mensual,1,1
970,Diaria,1,4
971,Mensual,3,2
972,Diaria,1,3
973,Semanal,1,3
974,Semanal,1,4
975,Diaria,1,5
976,Diaria,1,1
977,Mensual,1,3
978,Quincenal,1,2
979,Mensual,2,1
980,Quincenal,2,3
981,Quincenal,1,4
982,Diaria,1,3
983,Mensual,2,2
984,Mensual,1,4
985,Diaria,2,1
986,Mensual,1,1
987,Quincenal,1,4
988,Diaria,1,2
989,Diaria,3,3
990,Semanal,1,4
991,Semanal,2,1
992,Semanal,1,4
993,Mensual,2,5
994,Mensual,1,2
995,Diaria,1,1
996,Quincenal,1,2
997,Semanal,1,5
998,Diaria,1,3
999,Diaria,1,3
1000,Quincenal,1,5
1001,Diaria,2,4
1002,Semanal,3,4
1003,Mensual,1,4
1004,Semanal,1,1
1005,Mensual,1,2
1006,Quincenal,1,1
1007,Semanal,1,4
1008,Diaria,1,2
1009,Diaria,1,5
1010,Quincenal,1,4
1011,Semanal,2,4
1012,Quincenal,1,4
1013,Mensual,1,2
1014,Semanal,2,5
1015,Mensual,2,3
1016,Semanal,1,4
1017,Semanal,1,4
1018,Diaria,1,1
1019,Semanal,1,1
1020,Diaria,1,2
1021,Mensual,1,1
1022,Quincenal,1,2
1023,Quincenal,1,4
1024,Diaria,1,3
1025,Quincenal,2,5
1026,Quincenal,1,3
1027,Diaria,1,4
1028,Diaria,3,1
1029,Mensual,1,2
1030,Quincenal,1,2
1031,Diaria,1,4
1032,Semanal,1,5
1033,Semanal,1,3
1034,Semanal,1,4
1035,Diaria,1,4
1036,Mensual,3,2
1037,Quincenal,1,1
1038,Quincenal,2,4
1039,Diaria,1,1
1040,Quincenal,1,2
1041,Semanal,1,2
1042,Semanal,1,2
1043,Semanal,2,3
1044,Quincenal,1,2
1045,Diaria,3,1
1046,Mensual,3,4
1047,Quincenal,2,3
1048,Diaria,2,3
1049,Mensual,1,1
1050,Diaria,2,4
1051,Diaria,1,4
1052,Mensual,1,4
1053,Mensual,1,4
1054,Diaria,1,2
1055,Quincenal,1,2
1056,Semanal,1,4
1057,Semanal,2,3
1058,Diaria,3,2
1059,Mensual,1,1
1060,Diaria,1,5
1061,Quincenal,3,4
1062,Quincenal,2,3
1063,Quincenal,2,3
1064,Quincenal,2,1
1065,Mensual,1,4
1066,Semanal,1,3
1067,Diaria,2,1
1068,Quincenal,1,1
1069,Semanal,1,1
1070,Diaria,2,1
1071,Quincenal,1,2
1072,Mensual,1,2
1073,Mensual,2,2
1074,Semanal,1,5
1075,Diaria,1,1
1076,Quincenal,2,5
1077,Quincenal,2,3
1078,Mensual,2,5
1079,Quincenal,2,1
1080,Semanal,1,2
1081,Semanal,3,4
1082,Diaria,1,4
1083,Diaria,1,5
1084,Semanal,1,4
1085,Semanal,3,3
1086,Diaria,2,3
1087,Diaria,2,2
1088,Diaria,1,3
1089,Mensual,2,2
1090,Semanal,1,3
1091,Mensual,2,3
1092,Mensual,1,4
1093,Quincenal,1,2
1094,Diaria,1,2
1095,Semanal,2,1
1096,Diaria,1,4
1097,Semanal,1,1
1098,Diaria,2,1
1099,Mensual,1,4
1100,Mensual,3,3
1101,Diaria,1,1
1102,Semanal,1,3
1103,Mensual,1,3
1104,Semanal,2,4
1105,Diaria,2,4
1106,Semanal,2,2
1107,Quincenal,1,4
1108,Semanal,1,4
1109,Diaria,3,3
1110,Diaria,2,1
1111,Semanal,1,3
1112,Semanal,2,3
1113,Semanal,2,4
1114,Mensual,2,5
1115,Mensual,2,1
1116,Quincenal,2,1
1117,Mensual,1,2
1118,Semanal,1,3
1119,Semanal,2,3
1120,Semanal,2,3
1121,Semanal,1,1
1122,Semanal,1,2
1123,Diaria,2,4
1124,Quincenal,1,5
1125,Semanal,2,2
1126,Mensual,2,1
1127,Quincenal,1,1
1128,Quincenal,1,4
1129,Quincenal,3,5
1130,Mensual,1,1
1131,Diaria,1,2
1132,Semanal,1,2
1133,Mensual,3,4
1134,Mensual,1,4
1135,Quincenal,2,4
1136,Mensual,1,1
1137,Quincenal,2,3
1138,Quincenal,1,3
1139,Semanal,2,5
1140,Semanal,2,2
1141,Quincenal,2,2
1142,Quincenal,1,2
1143,Mensual,1,3
1144,Semanal,2,4
1145,Quincenal,1,4
1146,Quincenal,1,1
1147,Semanal,2,4
1148,Quincenal,2,1
1149,Quincenal,1,4
1150,Diaria,2,2
1151,Quincenal,1,1
1152,Mensual,2,3
1153,Mensual,1,4
1154,Quincenal,2,4
1155,Diaria,2,3
1156,Diaria,1,4
1157,Quincenal,1,4
1158,Quincenal,1,1
1159,Mensual,2,4
1160,Diaria,1,1
1161,Diaria,1,2
1162,Mensual,2,3
1163,Quincenal,1,3
1164,Semanal,1,2
1165,Mensual,3,2
1166,Quincenal,2,5
1167,Diaria,1,2
1168,Diaria,2,2
1169,Diaria,3,3
1170,Semanal,2,4
1171,Diaria,1,1
1172,Semanal,1,2
1173,Diaria,3,1
1174,Semanal,1,1
1175,Diaria,2,2
1176,Quincenal,1,5
1177,Diaria,1,2
1178,Mensual,2,2
1179,Quincenal,1,2
1180,Quincenal,1,4
1181,Mensual,1,2
1182,Diaria,1,3
1183,Mensual,1,4
1184,Mensual,1,3
1185,Mensual,1,3
1186,Mensual,2,4
1187,Diaria,2,1
1188,Quincenal,3,5
1189,Diaria,3,3
1190,Mensual,1,4
1191,Mensual,1,1
1192,Diaria,1,4
1193,Quincenal,2,1
1194,Diaria,1,4
1195,Mensual,1,1
1196,Semanal,1,3
1197,Semanal,1,1
1198,Quincenal,2,4
1199,Quincenal,1,1
1200,Mensual,1,3
1201,Semanal,1,1
1202,Quincenal,1,1
1203,Semanal,3,4
1204,Quincenal,1,3
1205,Mensual,1,1
1206,Quincenal,1,2
1207,Mensual,1,5
1208,Diaria,1,2
1209,Semanal,1,2
1210,Diaria,3,1
1211,Quincenal,1,1
1212,Semanal,1,4
1213,Mensual,1,1
1214,Quincenal,2,3
1215,Diaria,3,2
1216,Semanal,2,4
1217,Quincenal,1,2
1218,Semanal,3,4
1219,Semanal,1,5
1220,Diaria,2,2
1221,Mensual,3,4
1222,Diaria,2,5
1223,Quincenal,1,1
1224,Semanal,1,2
1225,Semanal,3,1
1226,Mensual,2,1
1227,Semanal,2,1
1228,Semanal,2,1
1229,Diaria,3,2
1230,Mensual,2,2
1231,Quincenal,2,2
1232,Quincenal,1,1
1233,Mensual,1,2
1234,Mensual,1,3
1235,Diaria,2,2
1236,Semanal,2,1
1237,Quincenal,1,2
1238,Mensual,2,4
1239,Mensual,1,3
1240,Mensual,2,2
1241,Semanal,1,1
1242,Semanal,1,4
1243,Semanal,2,4
1244,Diaria,3,2
1245,Semanal,2,5
1246,Mensual,1,2
1247,Quincenal,1,5
1248,Diaria,3,5
1249,Semanal,2,2
1250,Diaria,2,4
1251,Quincenal,2,3
1252,Quincenal,2,1
1253,Semanal,1,4
1254,Mensual,3,1
1255,Quincenal,1,3
1256,Diaria,2,1
1257,Semanal,1,4
1258,Mensual,1,4
1259,Mensual,1,3
1260,Diaria,1,4
1261,Quincenal,3,3
1262,Quincenal,2,4
1263,Quincenal,1,3
1264,Mensual,2,4
1265,Diaria,1,1
1266,Quincenal,1,1
1267,Quincenal,1,2
1268,Semanal,1,5
1269,Diaria,1,4
1270,Diaria,1,3
1271,Diaria,2,4
1272,Quincenal,1,4
1273,Quincenal,2,2
1274,Quincenal,1,2
1275,Diaria,2,5
1276,Mensual,1,4
1277,Diaria,1,5
1278,Quincenal,2,5
1279,Quincenal,1,4
1280,Semanal,3,2
1281,Semanal,1,3
1282,Quincenal,1,5
1283,Quincenal,2,1
1284,Diaria,1,2
1285,Semanal,1,1
1286,Mensual,2,4
1287,Mensual,1,2
1288,Quincenal,1,1
1289,Quincenal,1,4
1290,Quincenal,2,1
1291,Quincenal,2,4
1292,Semanal,1,2
1293,Diaria,1,1
1294,Semanal,1,1
1295,Quincenal,3,4
1296,Semanal,1,4
1297,Quincenal,2,1
1298,Semanal,1,3
1299,Diaria,1,3
1300,Mensual,3,1
1301,Diaria,3,4
1302,Diaria,2,2
1303,Quincenal,1,4
1304,Diaria,3,3
1305,Quincenal,1,3
1306,Quincenal,3,1
1307,Quincenal,2,4
1308,Semanal,1,1
1309,Quincenal,1,4
1310,Quincenal,1,5
1311,Mensual,1,2
1312,Diaria,1,1
1313,Diaria,2,1
1314,Semanal,1,3
1315,Diaria,1,3
1316,Diaria,2,2
1317,Semanal,2,1
1318,Quincenal,2,4
1319,Mensual,3,4
1320,Semanal,1,3
1321,Quincenal,1,3
1322,Diaria,1,5
1323,Diaria,1,2
1324,Quincenal,2,3
1325,Quincenal,1,1
1326,Semanal,2,1
1327,Semanal,2,4
1328,Semanal,2,3
1329,Semanal,1,3
1330,Mensual,2,4
1331,Quincenal,2,4
1332,Diaria,1,3
1333,Diaria,2,3
1334,Diaria,2,5
1335,Diaria,2,1
1336,Diaria,1,2
1337,Semanal,3,4
1338,Quincenal,1,4
1339,Mensual,1,4
1340,Semanal,2,5
1341,Mensual,1,3
1342,Mensual,1,3
1343,Semanal,1,3
1344,Mensual,1,4
1345,Quincenal,3,1
1346,Semanal,1,3
1347,Semanal,3,2
1348,Quincenal,1,5
1349,Diaria,1,1
1350,Quincenal,1,5
1351,Diaria,1,5
1352,Semanal,1,1
1353,Diaria,1,2
1354,Quincenal,2,4
1355,Mensual,2,2
1356,Mensual,1,2
1357,Quincenal,2,1
1358,Semanal,3,5
1359,Diaria,1,2
1360,Quincenal,2,4
1361,Quincenal,1,5
1362,Semanal,2,3
1363,Mensual,3,2
1364,Semanal,1,1
1365,Mensual,1,1
1366,Quincenal,1,4
1367,Mensual,2,4
1368,Quincenal,1,5
1369,Diaria,3,2
1370,Quincenal,2,1
1371,Quincenal,1,3
1372,Quincenal,3,5
1373,Quincenal,2,1
1374,Mensual,1,1
1375,Mensual,2,4
1376,Semanal,1,3
1377,Mensual,1,2
1378,Semanal,1,1
1379,Quincenal,1,2
1380,Semanal,1,5
1381,Diaria,2,3
1382,Mensual,2,1
1383,Semanal,2,4
1384,Mensual,1,4
1385,Semanal,1,2
1386,Quincenal,3,1
1387,Semanal,2,4
1388,Mensual,1,2
1389,Semanal,2,1
1390,Quincenal,1,1
1391,Diaria,1,3
1392,Mensual,2,1
1393,Quincenal,1,2
1394,Mensual,2,2
1395,Mensual,1,5
1396,Semanal,2,3
1397,Semanal,1,1
1398,Quincenal,1,2
1399,Quincenal,1,5
1400,Mensual,2,2
1401,Mensual,2,1
1402,Diaria,1,3
1403,Quincenal,1,1
1404,Semanal,3,3
1405,Mensual,2,5
1406,Mensual,1,3
1407,Quincenal,1,2
1408,Quincenal,1,3
1409,Diaria,1,1
1410,Mensual,1,3
1411,Diaria,2,5
1412,Quincenal,1,4
1413,Semanal,1,3
1414,Quincenal,3,2
1415,Mensual,1,3
1416,Diaria,1,3
1417,Semanal,1,1
1418,Diaria,3,4
1419,Quincenal,2,4
1420,Mensual,1,3
1421,Semanal,2,1
1422,Semanal,1,1
1423,Diaria,1,2
1424,Quincenal,3,2
1425,Mensual,2,1
1426,Diaria,1,1
1427,Diaria,1,4
1428,Diaria,1,2
1429,Mensual,3,1
1430,Mensual,1,1
1431,Quincenal,2,4
1432,Mensual,1,1
1433,Semanal,3,5
1434,Semanal,1,3
1435,Semanal,1,2
1436,Mensual,1,3
1437,Quincenal,1,4
1438,Quincenal,2,4
1439,Quincenal,3,1
1440,Diaria,2,2
1441,Mensual,2,5
1442,Semanal,1,2
1443,Semanal,1,2
1444,Mensual,1,2
1445,Semanal,1,4
1446,Diaria,1,4
1447,Semanal,1,1
1448,Diaria,2,4
1449,Diaria,2,4
1450,Mensual,2,1
1451,Quincenal,1,2
1452,Semanal,1,4
1453,Quincenal,1,1
1454,Diaria,2,4
1455,Mensual,2,1
1456,Semanal,2,1
1457,Quincenal,1,2
1458,Semanal,3,4
1459,Mensual,2,4
1460,Semanal,1,3
1461,Mensual,2,2
1462,Mensual,2,1
1463,Quincenal,1,4
1464,Quincenal,1,3
1465,Quincenal,1,1
1466,Semanal,2,4
1467,Mensual,2,1
1468,Diaria,2,1
1469,Quincenal,1,1
1470,Semanal,1,3
1471,Semanal,1,2
1472,Diaria,2,1
1473,Quincenal,2,2
1474,Mensual,1,3
1475,Mensual,2,1
1476,Semanal,1,2
1477,Semanal,3,4
1478,Diaria,2,2
1479,Semanal,1,5
1480,Quincenal,1,5
1481,Diaria,1,2
1482,Quincenal,1,3
1483,Quincenal,1,5
1484,Semanal,1,2
1485,Quincenal,1,3
1486,Diaria,1,1
1487,Semanal,1,3
1488,Mensual,2,1
1489,Mensual,1,3
1490,Semanal,2,2
1491,Diaria,1,3
1492,Diaria,2,3
1493,Mensual,2,3
1494,Mensual,1,3
1495,Mensual,2,1
1496,Diaria,1,4
1497,Mensual,1,1
1498,Diaria,1,2
1499,Mensual,1,3
1500,Mensual,1,2
1501,Diaria,2,3
1502,Diaria,1,2
1503,Semanal,1,1
1504,Quincenal,3,2
1505,Semanal,2,4
1506,Mensual,2,3
1507,Diaria,3,4
1508,Semanal,1,1
1509,Mensual,2,1
1510,Mensual,2,4
1511,Mensual,1,5
1512,Semanal,1,4
1513,Semanal,1,2
1514,Semanal,1,1
1515,Mensual,1,2
1516,Semanal,3,4
1517,Quincenal,1,1
1518,Mensual,1,2
1519,Quincenal,1,4
1520,Mensual,3,3
1521,Diaria,1,4
1522,Semanal,3,2
1523,Mensual,1,4
1524,Semanal,1,2
1525,Mensual,1,5
1526,Semanal,2,2
1527,Diaria,3,1
1528,Semanal,2,3
1529,Mensual,1,1
1530,Quincenal,1,3
1531,Mensual,1,2
1532,Semanal,3,3
1533,Semanal,2,2
1534,Mensual,1,5
1535,Semanal,3,4
1536,Quincenal,1,4
1537,Mensual,1,1
1538,Semanal,2,1
1539,Quincenal,1,5
1540,Quincenal,1,2
1541,Semanal,3,4
1542,Semanal,1,4
1543,Diaria,1,3
1544,Mensual,2,1
1545,Semanal,3,4
1546,Mensual,3,2
1547,Semanal,2,3
1548,Quincenal,3,5
1549,Mensual,3,4
1550,Diaria,1,1
1551,Diaria,2,1
1552,Quincenal,1,5
1553,Mensual,1,3
1554,Semanal,1,1
1555,Diaria,2,3
1556,Diaria,1,1
1557,Mensual,1,1
1558,Semanal,1,1
1559,Diaria,2,3
1560,Semanal,1,4
1561,Mensual,1,4
1562,Quincenal,2,2
1563,Semanal,1,2
1564,Quincenal,1,4
1565,Mensual,1,1
1566,Diaria,1,4
1567,Quincenal,1,3
1568,Mensual,1,1
1569,Mensual,2,5
1570,Semanal,2,2
1571,Semanal,1,5
1572,Diaria,3,3
1573,Diaria,2,4
1574,Quincenal,2,2
1575,Mensual,2,1
1576,Mensual,1,2
1577,Semanal,1,5
1578,Mensual,2,2
1579,Semanal,2,3
1580,Quincenal,1,2
1581,Semanal,2,1
1582,Mensual,2,4
1583,Quincenal,1,3
1584,Mensual,3,4
1585,Semanal,1,1
1586,Diaria,2,1
1587,Semanal,1,3
1588,Semanal,1,1
1589,Semanal,1,4
1590,Semanal,1,4
1591,Quincenal,2,3
1592,Mensual,1,1
1593,Quincenal,1,1
1594,Quincenal,2,2
1595,Quincenal,2,1
1596,Quincenal,2,5
1597,Semanal,1,3
1598,Semanal,2,3
1599,Quincenal,3,3
1600,Quincenal,1,2
1601,Semanal,1,1
1602,Semanal,2,4
1603,Mensual,1,1
1604,Mensual,2,4
1605,Semanal,2,2
1606,Semanal,1,1
1607,Quincenal,2,2
1608,Diaria,2,1
1609,Diaria,1,2
1610,Mensual,1,1
1611,Mensual,1,4
1612,Quincenal,1,2
1613,Semanal,1,1
1614,Diaria,3,4
1615,Semanal,1,1
1616,Semanal,1,1
1617,Quincenal,2,3
1618,Diaria,1,4
1619,Semanal,2,4
1620,Quincenal,2,1
1621,Quincenal,1,1
1622,Semanal,1,1
1623,Quincenal,2,1
1624,Diaria,1,2
1625,Quincenal,1,1
1626,Mensual,2,2
1627,Mensual,1,4
1628,Quincenal,1,1
1629,Mensual,1,4
1630,Mensual,1,3
1631,Quincenal,2,1
1632,Quincenal,1,1
1633,Quincenal,1,1
1634,Diaria,1,1
1635,Quincenal,2,3
1636,Mensual,3,1
1637,Diaria,1,3
1638,Quincenal,2,1
1639,Quincenal,2,1
1640,Quincenal,1,3
1641,Diaria,2,4
1642,Diaria,3,4
1643,Mensual,2,3
1644,Diaria,1,4
1645,Mensual,1,1
1646,Quincenal,1,4
1647,Mensual,3,1
1648,Diaria,2,4
1649,Quincenal,1,3
1650,Semanal,2,1
1651,Mensual,1,2
1652,Quincenal,3,5
1653,Quincenal,1,3
1654,Semanal,3,4
1655,Mensual,1,5
1656,Semanal,2,2
1657,Diaria,1,2
1658,Mensual,1,2
1659,Quincenal,1,1
1660,Semanal,1,3
1661,Diaria,2,2
1662,Semanal,2,4
1663,Semanal,1,4
1664,Semanal,1,4
1665,Diaria,1,2
1666,Semanal,1,5
1667,Diaria,2,2
1668,Mensual,1,1
1669,Diaria,2,1
1670,Quincenal,1,1
1671,Diaria,1,4
1672,Diaria,1,1
1673,Diaria,2,4
1674,Semanal,3,3
1675,Diaria,2,1
1676,Semanal,3,4
1677,Quincenal,1,4
1678,Quincenal,2,3
1679,Semanal,3,2
1680,Diaria,1,3
1681,Diaria,1,1
1682,Diaria,1,3
1683,Mensual,1,5
1684,Mensual,1,1
1685,Diaria,2,3
1686,Mensual,1,4
1687,Mensual,2,4
1688,Diaria,1,4
1689,Mensual,1,4
1690,Diaria,1,2
1691,Semanal,1,4
1692,Diaria,1,5
1693,Quincenal,1,3
1694,Semanal,2,4
1695,Semanal,1,1
1696,Diaria,1,1
1697,Diaria,1,3
1698,Mensual,3,4
1699,Semanal,2,4
1700,Quincenal,1,3
1701,Quincenal,1,4
1702,Quincenal,1,5
1703,Quincenal,1,3
1704,Mensual,1,1
1705,Mensual,2,4
1706,Diaria,1,1
1707,Diaria,1,1
1708,Mensual,1,4
1709,Semanal,1,4
1710,Semanal,1,3
1711,Mensual,1,4
1712,Semanal,2,4
1713,Mensual,1,2
1714,Mensual,2,3
1715,Mensual,1,5
1716,Semanal,1,2
1717,Quincenal,1,4
1718,Diaria,1,1
1719,Quincenal,1,4
1720,Quincenal,1,5
1721,Diaria,1,3
1722,Diaria,2,1
1723,Semanal,2,1
1724,Diaria,1,3
1725,Diaria,1,2
1726,Diaria,1,5
1727,Semanal,1,4
1728,Quincenal,1,1
1729,Diaria,1,1
1730,Mensual,1,2
1731,Mensual,1,1
1732,Diaria,1,3
1733,Quincenal,1,3
1734,Diaria,1,3
1735,Diaria,1,3
1736,Mensual,2,5
1737,Semanal,1,4
1738,Semanal,1,4
1739,Mensual,2,4
1740,Mensual,1,4
1741,Diaria,2,2
1742,Diaria,1,3
1743,Semanal,2,2
1744,Diaria,1,4
1745,Diaria,3,1
1746,Quincenal,1,3
1747,Semanal,1,5
1748,Quincenal,1,2
1749,Semanal,1,3
1750,Semanal,3,1
1751,Diaria,1,1
1752,Semanal,1,1
1753,Quincenal,1,5
1754,Diaria,1,4
1755,Semanal,1,4
1756,Semanal,2,4
1757,Diaria,1,1
1758,Diaria,1,4
1759,Mensual,3,4
1760,Mensual,1,5
1761,Mensual,2,4
1762,Semanal,1,1
1763,Diaria,2,5
1764,Semanal,1,1
1765,Semanal,3,1
1766,Mensual,2,5
1767,Quincenal,3,4
1768,Mensual,1,4
1769,Quincenal,1,1
1770,Mensual,1,2
1771,Semanal,1,4
1772,Diaria,2,4
1773,Semanal,1,4
1774,Quincenal,2,3
1775,Mensual,1,3
1776,Semanal,1,4
1777,Mensual,2,3
1778,Mensual,2,4
1779,Quincenal,1,1
1780,Diaria,2,4
1781,Semanal,2,4
1782,Diaria,1,1
1783,Quincenal,2,3
1784,Mensual,2,3
1785,Mensual,1,4
1786,Diaria,2,4
1787,Quincenal,2,4
1788,Quincenal,1,2
1789,Semanal,1,3
1790,Diaria,1,3
1791,Quincenal,1,2
1792,Mensual,2,2
1793,Semanal,1,2
1794,Mensual,1,2
1795,Mensual,1,4
1796,Diaria,1,1
1797,Mensual,1,1
1798,Diaria,3,2
1799,Mensual,1,5
1800,Diaria,1,4
1801,Quincenal,1,2
1802,Diaria,2,3
1803,Quincenal,1,5
1804,Semanal,1,4
1805,Quincenal,1,4
1806,Semanal,1,4
1807,Diaria,1,4
1808,Diaria,1,4
1809,Semanal,2,4
1810,Mensual,1,1
1811,Diaria,2,4
1812,Mensual,1,1
1813,Quincenal,2,1
1814,Mensual,1,1
1815,Mensual,2,2
1816,Quincenal,1,1
1817,Diaria,1,2
1818,Mensual,1,2
1819,Diaria,1,1
1820,Quincenal,1,1
1821,Quincenal,1,4
1822,Diaria,2,4
1823,Diaria,1,3
1824,Semanal,2,5
1825,Mensual,1,1
1826,Semanal,2,1
1827,Mensual,2,1
1828,Diaria,1,5
1829,Mensual,2,3
1830,Quincenal,2,2
1831,Diaria,1,4
1832,Mensual,1,3
1833,Quincenal,1,3
1834,Quincenal,1,1
1835,Diaria,2,3
1836,Mensual,1,4
1837,Diaria,3,2
1838,Diaria,3,5
1839,Diaria,2,2
1840,Diaria,2,1
1841,Quincenal,1,2
1842,Diaria,2,3
1843,Quincenal,1,4
1844,Mensual,2,1
1845,Mensual,1,4
1846,Mensual,1,5
1847,Mensual,2,4
1848,Diaria,1,5
1849,Diaria,2,1
1850,Mensual,1,1
1851,Quincenal,2,2
1852,Diaria,1,1
1853,Quincenal,2,4
1854,Mensual,2,1
1855,Mensual,1,1
1856,Mensual,3,4
1857,Semanal,1,4
1858,Diaria,1,4
1859,Quincenal,2,3
1860,Quincenal,1,5
1861,Diaria,1,4
1862,Diaria,2,3
1863,Semanal,1,4
1864,Diaria,1,1
1865,Semanal,1,2
1866,Quincenal,2,4
1867,Diaria,1,3
1868,Quincenal,1,1
1869,Diaria,2,2
1870,Quincenal,1,2
1871,Quincenal,2,3
1872,Diaria,2,3
1873,Mensual,1,4
1874,Mensual,1,4
1875,Semanal,1,4
1876,Semanal,1,1
1877,Quincenal,2,2
1878,Mensual,1,2
1879,Diaria,1,1
1880,Mensual,1,1
1881,Quincenal,2,3
1882,Diaria,1,4
1883,Mensual,2,4
1884,Mensual,2,3
1885,Diaria,1,1
1886,Diaria,1,1
1887,Quincenal,1,5
1888,Semanal,2,1
1889,Diaria,1,5
1890,Mensual,1,3
1891,Quincenal,1,3
1892,Semanal,1,1
1893,Quincenal,3,4
1894,Semanal,1,1
1895,Quincenal,1,1
1896,Diaria,2,2
1897,Diaria,2,4
1898,Diaria,1,1
1899,Mensual,3,3
1900,Semanal,1,4
1901,Mensual,2,3
1902,Diaria,2,2
1903,Mensual,1,4
1904,Quincenal,1,3
1905,Quincenal,2,1
1906,Quincenal,1,1
1907,Semanal,1,4
1908,Semanal,1,2
1909,Diaria,2,3
1910,Diaria,1,3
1911,Quincenal,1,2
1912,Mensual,1,2
1913,Semanal,1,3
1914,Quincenal,1,4
1915,Quincenal,1,3
1916,Quincenal,1,3
1917,Semanal,2,2
1918,Diaria,1,1
1919,Semanal,1,1
1920,Diaria,1,3
1921,Semanal,2,3
1922,Quincenal,1,1
1923,Mensual,1,1
1924,Mensual,1,4
1925,Mensual,2,3
1926,Semanal,1,3
1927,Quincenal,2,1
1928,Semanal,2,2
1929,Quincenal,1,4
1930,Mensual,2,5
1931,Quincenal,2,2
1932,Diaria,1,4
1933,Mensual,1,4
1934,Semanal,1,3
1935,Quincenal,2,3
1936,Semanal,1,2
1937,Diaria,2,4
1938,Quincenal,1,3
1939,Diaria,2,2
1940,Mensual,3,2
1941,Diaria,1,4
1942,Semanal,1,1
1943,Diaria,1,5
1944,Quincenal,2,2
1945,Semanal,1,3
1946,Mensual,1,2
1947,Quincenal,1,3
1948,Quincenal,1,1
1949,Mensual,2,1
1950,Diaria,1,5
1951,Semanal,1,4
1952,Mensual,1,3
1953,Diaria,1,5
1954,Semanal,1,3
1955,Diaria,2,1
1956,Quincenal,2,3
1957,Quincenal,2,2
1958,Mensual,1,3
1959,Semanal,1,4
1960,Mensual,1,3
1961,Mensual,2,4
1962,Quincenal,1,1
1963,Mensual,1,4
1964,Semanal,2,4
1965,Mensual,2,1
1966,Semanal,2,1
1967,Mensual,1,3
1968,Mensual,3,1
1969,Semanal,1,5
1970,Diaria,2,3
1971,Quincenal,2,2
1972,Diaria,1,5
1973,Quincenal,1,1
1974,Semanal,1,2
1975,Semanal,1,1
1976,Quincenal,2,4
1977,Quincenal,1,1
1978,Diaria,1,1
1979,Semanal,1,2
1980,Mensual,3,4
1981,Diaria,1,1
1982,Diaria,1,5
1983,Quincenal,1,1
1984,Mensual,1,1
1985,Semanal,1,3
1986,Semanal,1,1
1987,Mensual,2,2
1988,Semanal,1,2
1989,Semanal,2,1
1990,Diaria,1,2
1991,Diaria,2,4
1992,Quincenal,1,1
1993,Mensual,2,5
1994,Mensual,1,3
1995,Mensual,1,1
1996,Diaria,3,2
1997,Diaria,1,3
1998,Semanal,2,1
1999,Quincenal,2,1
2000,Quincenal,1,1
2001,Quincenal,1,2
2002,Diaria,1,1
2003,Mensual,1,2
2004,Quincenal,2,3
2005,Semanal,1,3
2006,Mensual,1,3
2007,Quincenal,1,5
2008,Diaria,2,3
2009,Mensual,2,1
2010,Semanal,1,5
2011,Diaria,2,1
2012,Quincenal,2,2
2013,Quincenal,1,1
2014,Diaria,3,2
2015,Mensual,1,1
2016,Semanal,1,1
2017,Semanal,2,3
2018,Diaria,3,1
2019,Mensual,1,3
2020,Quincenal,1,4
2021,Quincenal,2,3
2022,Mensual,1,1
2023,Semanal,2,2
2024,Quincenal,2,2
2025,Mensual,2,3
2026,Quincenal,1,5
2027,Mensual,2,4
2028,Diaria,1,1
2029,Quincenal,1,4
2030,Quincenal,1,4
2031,Diaria,1,3
2032,Diaria,1,3
2033,Quincenal,3,1
2034,Diaria,2,2
2035,Mensual,1,2
2036,Mensual,1,3
2037,Semanal,2,1
2038,Quincenal,1,2
2039,Mensual,2,4
2040,Quincenal,1,2
2041,Mensual,2,2
2042,Diaria,1,1
2043,Semanal,1,4
2044,Mensual,2,5
2045,Quincenal,2,1
2046,Quincenal,2,4
2047,Quincenal,3,4
2048,Diaria,1,4
2049,Mensual,1,2
2050,Quincenal,2,4
2051,Mensual,1,3
2052,Mensual,2,1
2053,Mensual,1,1
2054,Semanal,1,5
2055,Diaria,1,4
2056,Quincenal,2,1
2057,Semanal,1,5
2058,Quincenal,1,4
2059,Mensual,1,2
2060,Quincenal,2,1
2061,Quincenal,1,3
2062,Mensual,1,1
2063,Quincenal,1,4
2064,Semanal,2,1
2065,Diaria,2,2
2066,Quincenal,1,3
2067,Semanal,1,1
2068,Mensual,2,1
2069,Mensual,1,5
2070,Semanal,1,4
2071,Mensual,1,4
2072,Mensual,1,5
2073,Mensual,1,3
2074,Diaria,1,5
2075,Semanal,1,2
2076,Semanal,3,4
2077,Mensual,1,3
2078,Semanal,1,1
2079,Quincenal,1,4
2080,Quincenal,1,3
2081,Quincenal,2,5
2082,Semanal,2,2
2083,Quincenal,2,4
2084,Quincenal,1,4
2085,Diaria,3,3
2086,Diaria,2,4
2087,Semanal,2,1
2088,Quincenal,3,1
2089,Mensual,2,2
2090,Diaria,3,1
2091,Semanal,1,2
2092,Mensual,2,1
2093,Semanal,1,1
2094,Quincenal,1,4
2095,Mensual,1,3
2096,Semanal,1,5
2097,Quincenal,2,1
2098,Semanal,2,2
2099,Semanal,1,1
2100,Semanal,1,3
2101,Mensual,1,4
2102,Diaria,1,3
2103,Quincenal,1,3
2104,Diaria,1,4
2105,Quincenal,2,1
2106,Mensual,2,4
2107,Quincenal,2,1
2108,Mensual,2,1
2109,Quincenal,1,5
2110,Mensual,1,2
2111,Mensual,2,2
2112,Semanal,1,4
2113,Quincenal,1,1
2114,Semanal,2,4
2115,Diaria,2,2
2116,Semanal,2,4
2117,Diaria,2,1
2118,Mensual,1,2
2119,Mensual,2,2
2120,Quincenal,1,1
2121,Semanal,2,2
2122,Semanal,1,5
2123,Semanal,2,4
2124,Mensual,2,3
2125,Semanal,1,4
2126,Diaria,1,3
2127,Semanal,1,1
2128,Diaria,1,1
2129,Mensual,1,1
2130,Semanal,2,3
2131,Diaria,1,4
2132,Mensual,2,4
2133,Mensual,1,1
2134,Quincenal,2,2
2135,Semanal,2,1
2136,Semanal,1,3
2137,Diaria,1,2
2138,Diaria,1,4
2139,Quincenal,1,1
2140,Quincenal,1,5
2141,Diaria,1,2
2142,Quincenal,1,2
2143,Semanal,1,4
2144,Mensual,1,4
2145,Mensual,1,1
2146,Quincenal,1,5
2147,Quincenal,1,2
2148,Quincenal,2,3
2149,Mensual,1,5
2150,Quincenal,2,4
2151,Semanal,1,2
2152,Diaria,1,3
2153,Semanal,1,2
2154,Quincenal,1,4
2155,Quincenal,1,2
2156,Diaria,2,3
2157,Quincenal,1,2
2158,Mensual,2,4
2159,Semanal,3,1
2160,Diaria,1,2
2161,Semanal,2,4
2162,Semanal,1,4
2163,Semanal,2,4
2164,Mensual,2,4
2165,Quincenal,2,4
2166,Semanal,2,4
2167,Mensual,1,5
2168,Semanal,2,1
2169,Semanal,2,2
2170,Semanal,1,4
2171,Quincenal,2,1
2172,Semanal,1,4
2173,Mensual,1,3
2174,Semanal,1,4
2175,Semanal,1,3
2176,Quincenal,2,2
2177,Diaria,1,5
2178,Quincenal,1,1
2179,Semanal,3,1
2180,Semanal,1,4
2181,Mensual,1,3
2182,Diaria,2,5
2183,Quincenal,2,2
2184,Quincenal,1,3
2185,Quincenal,1,1
2186,Mensual,2,4
2187,Quincenal,1,2
2188,Diaria,1,4
2189,Mensual,2,1
2190,Diaria,1,3
2191,Quincenal,1,1
2192,Semanal,1,3
2193,Semanal,3,3
2194,Diaria,2,1
2195,Diaria,2,3
2196,Quincenal,1,1
2197,Mensual,1,3
2198,Semanal,1,5
2199,Mensual,1,3
2200,Diaria,3,1
2201,Mensual,2,4
2202,Semanal,2,3
2203,Semanal,3,4
2204,Mensual,1,4
2205,Quincenal,1,4
2206,Mensual,2,4
2207,Quincenal,1,3
2208,Quincenal,1,3
2209,Mensual,1,3
2210,Mensual,1,4
2211,Semanal,3,3
2212,Quincenal,1,2
2213,Quincenal,3,3
2214,Mensual,1,2
2215,Mensual,3,4
2216,Mensual,2,1
2217,Mensual,2,1
2218,Diaria,1,2
2219,Diaria,1,4
2220,Diaria,2,3
2221,Diaria,1,4
2222,Quincenal,1,3
2223,Diaria,3,2
2224,Quincenal,2,4
2225,Diaria,2,1
2226,Diaria,2,2
2227,Semanal,3,2
2228,Quincenal,1,3
2229,Semanal,2,3
2230,Semanal,1,1
2231,Semanal,1,3
2232,Diaria,2,3
2233,Mensual,2,3
2234,Mensual,2,4
2235,Mensual,1,4
2236,Mensual,2,2
2237,Mensual,1,2
2238,Mensual,3,4
2239,Diaria,1,1
2240,Diaria,2,4
2241,Mensual,3,1
2242,Diaria,1,1
2243,Diaria,1,3
2244,Quincenal,1,4
2245,Mensual,2,4
2246,Mensual,1,2
2247,Diaria,1,2
2248,Diaria,1,2
2249,Quincenal,1,4
2250,Diaria,1,4
2251,Mensual,1,5
2252,Diaria,3,3
2253,Diaria,2,4
2254,Mensual,1,4
2255,Semanal,1,3
2256,Quincenal,2,4
2257,Semanal,1,5
2258,Mensual,2,1
2259,Diaria,1,3
2260,Semanal,1,1
2261,Diaria,1,2
2262,Diaria,2,3
2263,Quincenal,3,3
2264,Semanal,2,3
2265,Diaria,2,5
2266,Quincenal,2,1
2267,Quincenal,1,3
2268,Semanal,1,4
2269,Quincenal,1,4
2270,Diaria,1,2
2271,Diaria,1,2
2272,Quincenal,2,3
2273,Mensual,1,1
2274,Semanal,1,4
2275,Quincenal,1,2
2276,Semanal,1,2
2277,Quincenal,3,2
2278,Quincenal,1,4
2279,Mensual,2,2
2280,Mensual,1,5
2281,Quincenal,2,2
2282,Quincenal,2,1
2283,Diaria,1,2
2284,Diaria,1,1
2285,Semanal,2,4
2286,Semanal,2,4
2287,Mensual,1,4
2288,Diaria,3,5
2289,Diaria,3,2
2290,Diaria,1,1
2291,Quincenal,1,3
2292,Semanal,1,4
2293,Diaria,2,4
2294,Quincenal,1,3
2295,Mensual,1,5
2296,Quincenal,1,2
2297,Mensual,2,4
2298,Diaria,1,1
2299,Diaria,2,1
2300,Mensual,1,2
2301,Quincenal,2,4
2302,Diaria,1,3
2303,Mensual,1,1
2304,Quincenal,1,4
2305,Mensual,1,1
2306,Diaria,1,4
2307,Mensual,1,3
2308,Mensual,1,4
2309,Mensual,2,2
2310,Diaria,1,1
2311,Mensual,2,1
2312,Mensual,1,5
2313,Quincenal,2,5
2314,Quincenal,2,4
2315,Mensual,1,2
2316,Diaria,1,5
2317,Quincenal,2,5
2318,Quincenal,1,4
2319,Quincenal,1,3
2320,Diaria,2,1
2321,Mensual,1,3
2322,Diaria,1,3
2323,Semanal,1,3
2324,Diaria,1,4
2325,Mensual,1,4
2326,Semanal,1,2
2327,Semanal,1,1
2328,Quincenal,2,2
2329,Diaria,2,3
2330,Semanal,2,3
2331,Mensual,2,3
2332,Diaria,2,1
2333,Mensual,1,1
2334,Diaria,1,1
2335,Diaria,2,4
2336,Quincenal,1,4
2337,Quincenal,1,5
2338,Diaria,1,4
2339,Diaria,2,4
2340,Diaria,2,4
2341,Semanal,2,2
2342,Quincenal,2,3
2343,Mensual,1,1
2344,Semanal,1,3
2345,Diaria,2,3
2346,Diaria,2,1
2347,Quincenal,1,4
2348,Diaria,2,1
2349,Semanal,3,1
2350,Semanal,1,1
2351,Quincenal,2,3
2352,Quincenal,1,1
2353,Semanal,1,3
2354,Semanal,1,1
2355,Quincenal,1,2
2356,Quincenal,3,1
2357,Mensual,1,2
2358,Quincenal,1,4
2359,Semanal,2,1
2360,Diaria,1,3
2361,Quincenal,1,3
2362,Semanal,1,1
2363,Semanal,2,2
2364,Semanal,1,3
2365,Mensual,1,4
2366,Quincenal,1,1
2367,Quincenal,1,1
2368,Mensual,1,3
2369,Mensual,2,4
2370,Quincenal,2,2
2371,Quincenal,2,3
2372,Quincenal,3,3
2373,Diaria,3,2
2374,Mensual,2,1
2375,Mensual,1,4
2376,Semanal,2,3
2377,Semanal,1,4
2378,Quincenal,1,4
2379,Mensual,1,2
2380,Mensual,1,2
2381,Quincenal,1,1
2382,Semanal,2,2
2383,Semanal,2,5
2384,Semanal,1,1
2385,Quincenal,1,2
2386,Diaria,1,4
2387,Diaria,1,4
2388,Diaria,1,3
2389,Diaria,1,4
2390,Semanal,1,1
2391,Quincenal,2,1
2392,Diaria,1,3
2393,Quincenal,2,1
2394,Diaria,3,2
2395,Mensual,1,5
2396,Mensual,1,5
2397,Mensual,2,2
2398,Quincenal,2,1
2399,Semanal,2,5
2400,Semanal,1,4
2401,Mensual,2,1
2402,Mensual,2,5
2403,Quincenal,2,1
2404,Mensual,3,4
2405,Mensual,2,4
2406,Mensual,2,2
2407,Diaria,2,4
2408,Semanal,1,3
2409,Diaria,1,1
2410,Diaria,2,2
2411,Diaria,2,5
2412,Diaria,1,4
2413,Semanal,1,4
2414,Mensual,2,4
2415,Quincenal,1,2
2416,Quincenal,1,2
2417,Diaria,3,1
2418,Semanal,3,5
2419,Semanal,1,3
2420,Mensual,1,4
2421,Mensual,1,4
2422,Quincenal,2,3
2423,Quincenal,1,4
2424,Diaria,1,4
2425,Diaria,1,4
2426,Mensual,1,1
2427,Mensual,2,2
2428,Mensual,2,1
2429,Quincenal,1,5
2430,Diaria,1,1
2431,Mensual,1,2
2432,Semanal,1,3
2433,Diaria,1,4
2434,Quincenal,1,1
2435,Diaria,1,4
2436,Mensual,1,1
2437,Quincenal,1,3
2438,Diaria,3,2
2439,Mensual,1,5
2440,Mensual,1,1
2441,Quincenal,1,3
2442,Quincenal,2,5
2443,Quincenal,2,3
2444,Diaria,1,1
2445,Mensual,3,1
2446,Diaria,2,1
2447,Quincenal,1,3
2448,Semanal,1,1
2449,Quincenal,2,2
2450,Semanal,1,2
2451,Quincenal,1,1
2452,Mensual,1,1
2453,Diaria,2,3
2454,Mensual,1,4
2455,Mensual,1,5
2456,Quincenal,2,2
2457,Mensual,1,1
2458,Mensual,1,4
2459,Semanal,2,1
2460,Mensual,2,4
2461,Quincenal,2,2
2462,Semanal,2,1
2463,Semanal,1,1
2464,Diaria,1,3
2465,Quincenal,3,1
2466,Quincenal,1,3
2467,Quincenal,1,1
2468,Quincenal,2,4
2469,Semanal,2,2
2470,Semanal,1,3
2471,Quincenal,1,2
2472,Diaria,1,2
2473,Diaria,2,4
2474,Quincenal,1,1
2475,Quincenal,1,2
2476,Quincenal,1,3
2477,Diaria,1,2
2478,Quincenal,1,5
2479,Semanal,3,3
2480,Diaria,2,4
2481,Mensual,2,4
2482,Semanal,1,2
2483,Quincenal,3,2
2484,Quincenal,1,2
2485,Mensual,1,5
2486,Semanal,2,4
2487,Mensual,1,4
2488,Quincenal,2,2
2489,Quincenal,2,3
2490,Quincenal,3,4
2491,Diaria,3,2
2492,Mensual,1,1
2493,Diaria,1,1
2494,Mensual,1,3
2495,Mensual,3,1
2496,Quincenal,2,2
2497,Semanal,2,2
2498,Mensual,1,4
2499,Semanal,1,2
2500,Mensual,1,2
2501,Semanal,1,1
2502,Diaria,1,1
2503,Semanal,1,2
2504,Mensual,2,3
2505,Diaria,3,3
2506,Diaria,1,2
2507,Diaria,2,2
2508,Quincenal,1,4
2509,Mensual,1,2
2510,Diaria,2,1
2511,Quincenal,2,4
2512,Quincenal,1,1
2513,Diaria,2,4
2514,Mensual,2,4
2515,Semanal,1,2
2516,Mensual,1,3
2517,Diaria,3,1
2518,Quincenal,2,3
2519,Mensual,2,3
2520,Mensual,1,3
2521,Semanal,1,5
2522,Mensual,1,2
2523,Quincenal,1,2
2524,Diaria,1,2
2525,Quincenal,3,2
2526,Mensual,2,2
2527,Semanal,1,5
2528,Semanal,3,4
2529,Quincenal,1,1
2530,Mensual,1,1
2531,Quincenal,1,3
2532,Diaria,1,3
2533,Semanal,1,4
2534,Semanal,1,3
2535,Mensual,1,1
2536,Mensual,1,1
2537,Mensual,1,4
2538,Mensual,3,4
2539,Diaria,1,1
2540,Mensual,2,5
2541,Diaria,2,1
2542,Semanal,2,5
2543,Mensual,1,1
2544,Mensual,1,1
2545,Diaria,1,1
2546,Mensual,1,1
2547,Semanal,1,4
2548,Diaria,1,3
2549,Diaria,1,3
2550,Mensual,2,1
2551,Mensual,2,1
2552,Quincenal,1,3
2553,Diaria,1,2
2554,Semanal,2,2
2555,Mensual,1,1
2556,Diaria,2,4
2557,Diaria,1,2
2558,Mensual,1,4
2559,Quincenal,2,2
2560,Diaria,2,2
2561,Mensual,3,4
2562,Mensual,1,3
2563,Semanal,1,3
2564,Mensual,1,3
2565,Quincenal,1,1
2566,Mensual,1,3
2567,Quincenal,1,4
2568,Quincenal,1,5
2569,Mensual,3,1
2570,Semanal,2,1
2571,Mensual,1,2
2572,Diaria,1,4
2573,Mensual,2,1
2574,Diaria,1,2
2575,Semanal,1,1
2576,Mensual,3,1
2577,Quincenal,2,5
2578,Mensual,1,3
2579,Mensual,1,2
2580,Mensual,2,1
2581,Semanal,1,1
2582,Quincenal,1,5
2583,Diaria,1,1
2584,Diaria,1,5
2585,Diaria,1,3
2586,Quincenal,1,3
2587,Quincenal,1,4
2588,Mensual,1,1
2589,Quincenal,1,2
2590,Quincenal,3,3
2591,Semanal,1,3
2592,Diaria,3,2
2593,Diaria,2,4
2594,Quincenal,2,1
2595,Diaria,2,1
2596,Diaria,2,2
2597,Quincenal,2,4
2598,Semanal,1,5
2599,Diaria,2,3
2600,Quincenal,3,4
2601,Diaria,1,5
2602,Mensual,1,4
2603,Diaria,2,2
2604,Quincenal,3,2
2605,Mensual,2,3
2606,Quincenal,3,4
2607,Quincenal,2,5
2608,Semanal,1,1
2609,Quincenal,3,5
2610,Mensual,1,4
2611,Mensual,2,3
2612,Mensual,1,1
2613,Quincenal,2,2
2614,Diaria,1,2
2615,Quincenal,3,1
2616,Mensual,2,5
2617,Quincenal,1,2
2618,Mensual,1,2
2619,Quincenal,1,4
2620,Semanal,2,4
2621,Mensual,1,1
2622,Quincenal,2,4
2623,Diaria,1,3
2624,Mensual,1,3
2625,Quincenal,1,3
2626,Diaria,1,2
2627,Diaria,1,2
2628,Diaria,3,4
2629,Semanal,2,2
2630,Quincenal,1,4
2631,Mensual,1,3
2632,Mensual,1,3
2633,Mensual,2,5
2634,Semanal,1,2
2635,Mensual,2,3
2636,Diaria,1,4
2637,Diaria,1,1
2638,Quincenal,1,1
2639,Diaria,2,1
2640,Quincenal,2,1
2641,Mensual,2,1
2642,Semanal,1,4
2643,Semanal,3,1
2644,Semanal,3,1
2645,Quincenal,2,4
2646,Mensual,1,3
2647,Mensual,2,5
2648,Diaria,2,1
2649,Quincenal,2,4
2650,Semanal,2,2
2651,Quincenal,1,3
2652,Quincenal,3,4
2653,Mensual,2,1
2654,Semanal,2,1
2655,Diaria,1,4
2656,Quincenal,2,4
2657,Mensual,1,5
2658,Mensual,2,5
2659,Quincenal,2,3
2660,Quincenal,2,3
2661,Mensual,1,1
2662,Semanal,1,2
2663,Semanal,1,2
2664,Quincenal,3,3
2665,Mensual,1,4
2666,Diaria,3,3
2667,Mensual,3,2
2668,Quincenal,1,5
2669,Semanal,1,4
2670,Quincenal,1,4
2671,Semanal,1,1
2672,Diaria,1,5
2673,Quincenal,2,1
2674,Quincenal,1,4
2675,Quincenal,1,4
2676,Diaria,3,4
2677,Mensual,1,4
2678,Semanal,2,5
2679,Diaria,2,1
2680,Semanal,2,2
2681,Mensual,1,1
2682,Semanal,1,1
2683,Semanal,1,4
2684,Semanal,2,2
2685,Semanal,2,3
2686,Quincenal,2,3
2687,Diaria,2,1
2688,Quincenal,1,5
2689,Semanal,1,3
2690,Mensual,1,1
2691,Diaria,2,2
2692,Semanal,2,1
2693,Diaria,1,1
2694,Semanal,1,4
2695,Diaria,2,3
2696,Mensual,1,4
2697,Semanal,2,3
2698,Semanal,3,3
2699,Quincenal,1,4
2700,Diaria,1,4
2701,Quincenal,1,3
2702,Quincenal,2,3
2703,Diaria,2,3
2704,Semanal,1,4
2705,Mensual,2,1
2706,Semanal,1,3
2707,Diaria,2,3
2708,Mensual,1,1
2709,Mensual,1,2
2710,Diaria,1,2
2711,Quincenal,1,3
2712,Mensual,3,4
2713,Diaria,1,4
2714,Semanal,1,3
2715,Quincenal,1,1
2716,Mensual,1,1
2717,Mensual,3,3
2718,Diaria,2,2
2719,Mensual,1,3
2720,Mensual,1,2
2721,Diaria,1,1
2722,Mensual,3,1
2723,Mensual,2,3
2724,Mensual,1,2
2725,Mensual,2,4
2726,Semanal,1,1
2727,Mensual,1,3
2728,Diaria,2,4
2729,Mensual,1,3
2730,Quincenal,1,3
2731,Mensual,1,2
2732,Mensual,1,1
2733,Quincenal,2,4
2734,Diaria,3,1
2735,Semanal,1,3
2736,Mensual,1,4
2737,Diaria,3,4
2738,Diaria,1,4
2739,Quincenal,1,4
2740,Semanal,1,5
2741,Diaria,1,2
2742,Quincenal,1,3
2743,Quincenal,1,3
2744,Mensual,1,1
2745,Semanal,1,4
2746,Diaria,1,3
2747,Mensual,2,2
2748,Diaria,2,4
2749,Mensual,1,2
2750,Quincenal,1,4
2751,Quincenal,2,3
2752,Quincenal,2,2
2753,Diaria,1,1
2754,Diaria,1,2
2755,Quincenal,1,2
2756,Mensual,3,2
2757,Mensual,2,5
2758,Mensual,2,2
2759,Diaria,2,3
2760,Diaria,1,1
2761,Mensual,2,1
2762,Diaria,2,1
2763,Diaria,2,1
2764,Quincenal,2,4
2765,Diaria,2,4
2766,Mensual,1,4
2767,Diaria,1,5
2768,Mensual,2,3
2769,Quincenal,3,5
2770,Diaria,2,1
2771,Diaria,1,4
2772,Diaria,1,2
2773,Mensual,1,1
2774,Mensual,2,3
2775,Semanal,1,1
2776,Diaria,1,3
2777,Quincenal,2,3
2778,Mensual,1,1
2779,Semanal,2,1
2780,Mensual,2,4
2781,Diaria,2,1
2782,Mensual,1,3
2783,Diaria,1,1
2784,Quincenal,1,3
2785,Quincenal,2,2
2786,Quincenal,1,1
2787,Diaria,3,1
2788,Semanal,1,4
2789,Semanal,3,3
2790,Mensual,1,2
2791,Semanal,3,4
2792,Diaria,1,1
2793,Diaria,1,1
2794,Diaria,1,4
2795,Semanal,2,5
2796,Diaria,1,4
2797,Diaria,3,1
2798,Mensual,1,1
2799,Semanal,1,3
2800,Semanal,2,1
2801,Diaria,1,5
2802,Semanal,1,2
2803,Semanal,1,4
2804,Diaria,1,1
2805,Quincenal,1,1
2806,Semanal,1,1
2807,Semanal,2,3
2808,Mensual,2,4
2809,Semanal,2,2
2810,Diaria,1,4
2811,Mensual,1,4
2812,Semanal,1,1
2813,Quincenal,1,3
2814,Quincenal,2,1
2815,Quincenal,2,2
2816,Quincenal,1,5
2817,Mensual,1,4
2818,Diaria,1,2
2819,Mensual,1,4
2820,Quincenal,2,4
2821,Diaria,1,4
2822,Quincenal,1,3
2823,Diaria,2,4
2824,Quincenal,1,4
2825,Diaria,1,4
2826,Quincenal,1,2
2827,Mensual,1,5
2828,Diaria,1,1
2829,Diaria,1,4
2830,Quincenal,1,4
2831,Semanal,3,3
2832,Mensual,1,5
2833,Semanal,1,2
2834,Diaria,1,2
2835,Semanal,1,2
2836,Mensual,2,4
2837,Diaria,1,4
2838,Quincenal,2,3
2839,Semanal,1,4
2840,Quincenal,2,4
2841,Diaria,1,4
2842,Semanal,1,4
2843,Mensual,1,4
2844,Quincenal,1,3
2845,Diaria,2,1
2846,Diaria,2,2
2847,Quincenal,2,4
2848,Mensual,1,1
2849,Quincenal,2,3
2850,Mensual,1,4
2851,Diaria,1,1
2852,Quincenal,1,3
2853,Diaria,3,4
2854,Quincenal,3,4
2855,Mensual,1,3
2856,Diaria,2,1
2857,Semanal,2,1
2858,Semanal,1,2
2859,Diaria,1,2
2860,Quincenal,1,4
2861,Diaria,1,4
2862,Diaria,1,4
2863,Quincenal,2,1
2864,Semanal,3,1
2865,Mensual,2,1
2866,Mensual,1,1
2867,Quincenal,1,4
2868,Mensual,1,1
2869,Diaria,2,4
2870,Semanal,1,4
2871,Diaria,1,4
2872,Diaria,3,1
2873,Quincenal,3,2
2874,Semanal,1,3
2875,Quincenal,1,4
2876,Mensual,1,2
2877,Semanal,2,4
2878,Diaria,1,1
2879,Semanal,2,1
2880,Quincenal,2,1
2881,Semanal,1,4
2882,Mensual,1,4
2883,Semanal,2,2
2884,Diaria,1,2
2885,Semanal,1,4
2886,Mensual,1,3
2887,Semanal,3,4
2888,Quincenal,1,4
2889,Quincenal,1,3
2890,Quincenal,2,4
2891,Semanal,1,3
2892,Quincenal,1,1
2893,Diaria,2,2
2894,Quincenal,1,3
2895,Quincenal,1,3
2896,Diaria,3,3
2897,Quincenal,1,3
2898,Mensual,1,4
2899,Quincenal,1,4
2900,Quincenal,1,4
2901,Quincenal,1,5
2902,Diaria,2,3
2903,Quincenal,1,4
2904,Semanal,1,4
2905,Semanal,2,4
2906,Semanal,2,4
2907,Diaria,1,1
2908,Semanal,1,4
2909,Diaria,1,5
2910,Quincenal,1,5
2911,Quincenal,1,3
2912,Diaria,1,4
2913,Quincenal,1,4
2914,Mensual,2,3
2915,Quincenal,2,2
2916,Quincenal,2,1
2917,Diaria,2,1
2918,Diaria,2,3
2919,Semanal,2,1
2920,Quincenal,1,3
2921,Quincenal,1,4
2922,Quincenal,1,2
2923,Mensual,1,2
2924,Semanal,1,2
2925,Mensual,1,2
2926,Mensual,3,5
2927,Mensual,1,5
2928,Semanal,1,4
2929,Diaria,1,4
2930,Mensual,3,5
2931,Semanal,1,3
2932,Semanal,2,1
2933,Quincenal,2,4
2934,Quincenal,1,1
2935,Diaria,2,1
2936,Quincenal,1,5
2937,Mensual,3,2
2938,Semanal,1,1
2939,Mensual,1,4
2940,Quincenal,1,5
2941,Diaria,1,3
2942,Semanal,1,3
2943,Diaria,1,1
2944,Semanal,1,2
2945,Semanal,1,3
2946,Diaria,2,4
2947,Diaria,1,2
2948,Diaria,1,3
2949,Semanal,2,1
2950,Mensual,1,4
2951,Diaria,1,3
2952,Diaria,1,5
2953,Semanal,2,1
2954,Semanal,1,4
2955,Diaria,1,3
2956,Quincenal,1,4
2957,Diaria,1,4
2958,Mensual,2,2
2959,Diaria,1,2
2960,Diaria,2,1
2961,Semanal,1,4
2962,Mensual,1,2
2963,Semanal,1,2
2964,Mensual,1,1
2965,Semanal,1,4
2966,Semanal,1,5
2967,Diaria,1,1
2968,Mensual,1,1
2969,Semanal,1,4
2970,Quincenal,1,4
2971,Diaria,1,2
2972,Semanal,1,5
2973,Quincenal,1,3
2974,Mensual,2,2
2975,Mensual,2,3
2976,Quincenal,3,1
2977,Diaria,1,5
2978,Diaria,1,3
2979,Quincenal,2,1
2980,Quincenal,3,2
2981,Diaria,2,4
2982,Diaria,2,1
2983,Semanal,1,3
2984,Quincenal,1,3
2985,Semanal,1,3
2986,Quincenal,1,5
2987,Quincenal,2,2
2988,Diaria,2,1
2989,Semanal,1,1
2990,Diaria,1,1
2991,Semanal,2,3
2992,Semanal,1,3
2993,Quincenal,2,3
2994,Semanal,1,2
2995,Diaria,2,1
2996,Mensual,2,3
2997,Semanal,2,4
2998,Mensual,1,2
2999,Semanal,3,4
3000,Semanal,1,3
